market_id,condition_id,question,slug,category,liquidity_tier,volume_num,closed_time,winning_token_id,losing_token_id,winning_outcome_label,n_points,coverage
2169995,0x3733a1b647e7364095736ab0966465d896a84cf3b6bc1695ca1f26c3239b3868,"MicroStrategy sells any Bitcoin by May 31, 2026?",microstrategy-sells-any-bitcoin-by-may-31-2026,Crypto,flagship,375813104.55575246,2026-06-04T00:34:19+00:00,3192689304828767159232889612891719105504357313659012189260030438494464480574,25714007960293389110960044475283546872601238755063051359394740854408462452120,No,4277,0.9900462962962963
601697,0x17815081230e3b9c78b098162c33b1ffa68c4ec29c123d3d14989599e0c2e113,Fed decreases interest rates by 50+ bps after January 2026 meeting?,fed-decreases-interest-rates-by-50-bps-after-january-2026-meeting,Economy/Business,flagship,235065166.637259,2026-01-28T22:53:04+00:00,71478852790279095447182996049071040792010759617668969799049179229104800573786,11862165566757345985240476164489718219056735011698825377388402888080786399275,No,4319,0.9997685185185186
572469,0x61b66d02793b4a68ab0cc25be60d65f517fe18c7d654041281bb130341244fcc,Will Trump nominate Kevin Warsh as the next Fed chair?,will-trump-nominate-kevin-warsh-as-the-next-fed-chair,Economy/Business,flagship,59907150.95188258,2026-03-04T19:25:43+00:00,51338236787729560681434534660841415073585974762690814047670810862722808070955,18289842382539867639079362738467334752951741961393928566628307174343542320349,Yes,4319,0.9997685185185186
669660,0xd72622d154dfe65b9c019d6afcfe75a55717e5c502db611f555b101aafbf6ec5,Will the Fed decrease interest rates by 50+ bps after the April 2026 meeting?,will-the-fed-decrease-interest-rates-by-50-bps-after-the-april-2026-meeting,Economy/Business,flagship,66025383.9220003,2026-04-29T21:24:08+00:00,44217754360633979680316989769899520588351517398269898942558308875588541304698,18690049947242812495755151360212639738977254879109748949267393375856311641700,No,4312,0.9981481481481481
601700,0x7c6c69d91b21cbbea08a13d0ad51c0e96a956045aaadc77bce507c6b0475b66e,Fed increases interest rates by 25+ bps after January 2026 meeting?,fed-increases-interest-rates-by-25-bps-after-january-2026-meeting,Economy/Business,flagship,216455743.153891,2026-01-28T23:04:04+00:00,42139849929574046088630785796780813725435914859433767469767950066058132350666,16419649354067298412736919830777830730026677464626899811394461690794060330642,No,4319,0.9997685185185186
553813,0xd6e0317cee513cc3afdc1954ac576b241ad2287536e88b17fd3a77b4c3d0976e,Fed increases interest rates by 25+ bps after October 2025 meeting?,fed-increases-interest-rates-by-25-bps-after-october-2025-meeting,Economy/Business,flagship,102216689.131463,2025-10-31T03:33:31+00:00,75662380910516595836713877605277832183886163391379455962356909608435996726535,60156625646569576964584621291475860303247825215466310280401996727843189574431,No,4120,0.9537037037037037
570363,0xfcd2fb666c5a346faee448e63267346a3ec394a52bce4c199877559da91cd2c1,Fed increases interest rates by 25+ bps after December 2025 meeting?,fed-increases-interest-rates-by-25-bps-after-december-2025-meeting,Economy/Business,flagship,133173605.453166,2025-12-10T22:18:48+00:00,83234538869110488222137558986831878044545184788704562505964003874631215840521,111653286751222233434552489231342053782305860121514128195211070982702807638967,No,4320,1.0
669662,0x36e8ca24d2a13435f519f15580d42b45cdbe3bc425fb39a7c2733260357af0fa,Will there be no change in Fed interest rates after the April 2026 meeting?,will-there-be-no-change-in-fed-interest-rates-after-the-april-2026-meeting,Economy/Business,flagship,76909226.49304736,2026-04-29T21:24:28+00:00,63586620628756015058616403521099137018911742768824051367331188904593189743777,31766935524058663070405983804663917978960087327501512757848582448134393241922,Yes,4312,0.9981481481481481
570360,0x6903b766f5fda3d5b02f4472a6b4154419e78b7fd126c0b29ce17bb8e20b20cc,Fed decreases interest rates by 50+ bps after December 2025 meeting?,fed-decreases-interest-rates-by-50-bps-after-december-2025-meeting,Economy/Business,flagship,161574382.129451,2025-12-10T22:17:52+00:00,21489772516410038586556744342392982044189999368638682594741395650226594484811,74018646712472971445258547247048869505144598783748525202442089895996249694683,No,4320,1.0
512325,0x04e07c6085d96ecc1ac7568d6cb640f09e4d300a25afc763b67f15d8f2c8597c,Fed increases interest rates by 25+ bps after January 2025 meeting?,fed-increases-interest-rates-by-25-bps-after-january-2025-meeting,Economy/Business,flagship,56978076.059909,2025-01-29T22:53:00+00:00,111910413422671918936122538535145431385909364082485858588595246969087543566638,21716925607100566759590441552275430953978834416391952294923382480845557169897,No,4320,1.0
669661,0x0d14f5dc9fb3250ec888b1ac8d9fe9a0ce06f9d3ea60fdf138e8690622fea84c,Will the Fed decrease interest rates by 25 bps after the April 2026 meeting?,will-the-fed-decrease-interest-rates-by-25-bps-after-the-april-2026-meeting,Economy/Business,flagship,65311948.7161929,2026-04-29T21:24:18+00:00,86189905157402748775272356734086074576046362545577080735663677743589826713172,83479140651306794046790588004449066364152228067472874205697111967337978544729,No,4312,0.9981481481481481
542539,0x02dc46f4354c1cc447577db82ba62cca1bda737bd67b73fe966ce1bfe580868f,No change in Fed interest rates after September 2025 meeting?,no-change-in-fed-interest-rates-after-september-2025-meeting,Economy/Business,flagship,67368762.49652,2025-09-17T21:27:42+00:00,112366758121468199816335075341769488016411976085810291047672574777931003289565,20687552179259492015264396642668768958132112743605647653821858729131283300433,No,4311,0.9979166666666667
654415,0x25aa90b3cd98305e849189b4e8b770fc77fe89bccb7cf9656468414e01145d38,Will the Fed increase interest rates by 25+ bps after the March 2026 meeting?,will-the-fed-increase-interest-rates-by-25-bps-after-the-march-2026-meeting,Economy/Business,flagship,172972056.63332495,2026-03-18T21:19:03+00:00,111080671036126109659854287535401661966194360665829017654832975124868412594547,54073086346734626735797775941991553522163760164405051969883391401961188364109,No,4314,0.9986111111111111
601698,0x35cc41270f5cdfd59b45e68ab85dc51b0b900d286a6c74ea006b8572d9ff5934,Fed decreases interest rates by 25 bps after January 2026 meeting?,fed-decreases-interest-rates-by-25-bps-after-january-2026-meeting,Economy/Business,flagship,101211542.667667,2026-01-28T22:54:06+00:00,48193521645113703700467246669338225849301704920590102230072263970163239985027,92703761682322480664976766247614127878023988651992837287050266308961660624165,No,4319,0.9997685185185186
570361,0xcb111226a8271fed0c71bb5ec1bd67b2a4fd72f1eb08466e2180b9efa99d3f32,Fed decreases interest rates by 25 bps after December 2025 meeting?,fed-decreases-interest-rates-by-25-bps-after-december-2025-meeting,Economy/Business,flagship,54634506.683355,2025-12-10T22:16:48+00:00,87769991026114894163580777793845523168226980076553814689875238288185044414090,13411284055273560855537595688801764123705139415061660246624128667183605973730,Yes,4320,1.0
504494,0x1fc1e5595adab4d8160b2fe72cfed61131e3d5e61b5c334160d1729d7380ab16,Fed increases interest rates by 25+ bps after November 2024 meeting?,fed-increases-interest-rates-by-25-bps-after-november-2024-meeting,Economy/Business,flagship,133955589.249666,2024-11-07T22:44:32+00:00,62906346854843026600780466242595591879256731166107167021180309597980343523177,37607087749772082751516356212488395841221931637322106913544914381521802317192,No,4314,0.9986111111111111
1171663,0xe546672750517f62c45a5a00067481981e62b9c20fa8220203232c9dc8fd2093,"Russia x Ukraine ceasefire by June 30, 2026?",russia-x-ukraine-ceasefire-by-june-30-2026,Other,flagship,60668118.31172506,2026-05-09T19:45:22+00:00,92338023949892178944669766466918011858071833335063600591564160751176113496073,93730658350732768649834008472861182019192630377489777653117511245710309885595,Yes,3767,0.8719907407407408
812010,0x32707ae194389a70f25314ec934851daba12d893da616c492ffe8b655b7759a9,"Will Eleven die in ""Stranger Things: Season 5""?",will-eleven-die-in-stranger-things-season-5,Other,flagship,80824835.00196,2026-01-05T00:43:49+00:00,8010285051162883778750284192345707717637236188180482207065972792464743283426,68403617023928319391393106546921684553483543294700440401405462140878184745736,No,4320,1.0
566331,0x77b4a1d4cd398a86c18b6bb9b5218917dc9f04b01a3cd4bae1c71ea345f15fa8,Will Polymarket US go live in 2025?,will-polymarket-us-go-live-in-2025,Other,flagship,65428102.459334,2025-12-06T00:32:35+00:00,11011989236331164054844679338128881575446679057930991995271488699513863012857,85192074595343152063514099581907578237984708585251625405204438498600285131861,Yes,4320,1.0
1162940,0x306d10d4a4d51b41910dbc779ca00908bd917c131541c5c42bbbc736258d2d56,US forces enter Iran by March 31?,us-forces-enter-iran-by-march-31-222-191-243-517-878-439-519,Other,flagship,73927762.4785615,2026-04-05T06:15:11+00:00,81697486240392901899167649997008736380137911909662773455994395620863894931973,42750054381142639205639663180818682570869285140532640407891991570656047928885,No,4292,0.9935185185185185
1180303,0xd4bbf7f6707c67beb736135ad32a41f6db41f8ae52d3ac4919650de9eeb94ed8,Khamenei out as Supreme Leader of Iran by February 28?,khamenei-out-as-supreme-leader-of-iran-by-february-28,Other,flagship,131114970.827221,2026-03-04T01:05:25+00:00,39317885422026394259056328144566743331998444273202427934141325790266108570112,37975265083682450969967223199653164268542375291978582835346444673615244164455,Yes,4320,1.0
507276,0xef8cf8b45ef7e3a607a72b6e1d56bede869fdd81795b63db847de1090bf11c41,TikTok banned in the US before May 2025?,tiktok-banned-in-the-us-before-may-2025,Other,flagship,119653357.735965,2025-01-22T00:31:19+00:00,24635636911615866092589652362670811323984202357282728474473612545495782013438,77833150719418088778043805955239482801946237829699651267940477301583416794868,Yes,4320,1.0
508805,0x8ee22fe88cca072ae19d757cea3c4ace6712d149d633185f85f583bd8fa73ed5,Will the Detroit Pistons win the Eastern Conference?,will-the-detroit-pistons-win-the-eastern-conference,Other,flagship,60253518.153967,2025-05-02T07:11:40+00:00,102802033807090288736667906651075808371625736397748470527462416488391991856143,55432834365715440554672810958946349841611718977445116247615876555338080760100,No,4320,1.0
503013,0xd1e760f57415093db2e8378b79fe37ec8dc9ad09ee57f6f0cdc2468ae29fea23,Will Biden finish his term?,will-biden-complete-his-term-as-president,Other,flagship,64552171.3431552,2025-01-20T19:45:27+00:00,76018684495672907293972579038657312280524447899213220717960084627380959769440,100180144441344516029196380796541367659775855719836481414910537902981560041958,Yes,4320,1.0
797327,0xac9c6628a5398bb2a06f566854270a9fbc7f2badec4329d3b5fdc1407291c35b,Will Trump release the Epstein files by December 19?,will-trump-release-the-epstein-files-by-december-19-771,Other,flagship,90915983.771306,2025-12-24T00:37:17+00:00,97631444429136963410558776454705646247419477447963422218240880878426855760467,34188370521545317859498608346413216508496002972158011829434310572295579807749,Yes,4320,1.0
511754,0xc3d4155148681756bfe67bb41d8d0882a8a122e7d3762b3591bf6598c9bd198b,Will Donald Trump be inaugurated?,will-donald-trump-be-inaugurated,Other,flagship,400409526.886835,2025-01-20T22:51:36+00:00,45714870634090908403813747458214625542376052548606303175331201110938821302832,81903344213938200361285862519406650037576398044514748634670292917494365866240,Yes,4320,1.0
2270330,0xd86a816093fcd0a0e1ca440bc5ce199bd3c5a8d6139e044b076958164f8c5423,"US x Iran permanent peace deal by June 15, 2026?",us-x-iran-permanent-peace-deal-by-june-15-2026-734-856-129,Other,flagship,177370818.43892464,2026-06-18T00:32:19+00:00,5904694069529905826680225678119990013628860098514322777023141327768111791078,59855952379545476461266875939089074481171378466995213858930892770855011813551,Yes,4320,1.0
551963,0xf2ce8d3897ac5009a131637d3575f1f91c579bd08eecce6ae2b2da0f32bbe6f1,Xi Jinping out in 2025?,xi-jinping-out-in-2025,Other,flagship,78655911.742866,2026-01-01T08:18:43+00:00,112744882674787019048577842008042029962234998947364561417955402912669471494485,114304586861386186441621124384163963092522056897081085884483958561365015034812,No,4320,1.0
1706788,0x4c5701bcde0b8fb7d7f48c8e9d20245a6caa58c61a77f981fad98f2bfa0b1bc7,US x Iran ceasefire by April 7?,us-x-iran-ceasefire-by-april-7,Other,flagship,173696184.17746878,2026-04-11T00:28:39+00:00,82855088893985825781350466813737280564000275725006328179621744619327480699369,55194745453074297560900438908357749978780021444937743754846798173575377021411,Yes,4286,0.9921296296296296
1198423,0x3488f31e6449f9803f99a8b5dd232c7ad883637f1c86e6953305a2ef19c77f20,"US strikes Iran by February 28, 2026?",us-strikes-iran-by-february-28-2026-227-967-547-688-589-491-592-418-452-924-384-915-464-672-196-157-993-596-269-535-381-391-471-256-988-997-296-225-762-973-292-827-345-182-558-215-794-879-189-761,Other,flagship,89652867.363489,2026-02-28T09:31:17+00:00,110790003121442365126855864076707686014650523258783405996925622264696084778807,10832696757358093775468120009000761778513405247768868107262967513475277652998,Yes,4302,0.9958333333333333
1994007,0x9823d715687a0a82d2a03731792e83bf58a0409f10def1379e00e4d67a95ba69,"Israel x Hezbollah ceasefire by April 18, 2026?",israel-x-hezbollah-ceasefire-by-april-18-2026,Other,flagship,98599882.2899258,2026-04-21T00:28:28+00:00,44311756652055588440685018443862158389922949244484310992758163450991876928963,76961712494983889435156967321024449098092181934237646924796561109440405431229,Yes,4233,0.9798611111111111
253641,0xb92f22143e7b48609a82573fa8197dc73683a15acb467b0f51ee63da7e3f520b,Will any other Democratic Politician win the 2024 US Presidential Election?,will-any-other-democratic-politician-win-the-2024-us-presidential-election,Politics,flagship,116558196.386525,2024-11-06T19:54:53+00:00,103543247440804352548620987887141435213865749546518237928636621721195722919525,74706296939809671893768905246606398708802232875822379413753245164957842209130,No,4314,0.9986111111111111
253697,0x653483009043f1663360bc35ed8fb542d3f9453916082d20ff025adaa2fe7032,Will Joe Biden win the 2024 Democratic Presidential Nomination?,will-joe-biden-win-the-2024-democratic-presidential-nomination,Politics,flagship,57519438.44,2024-08-06T12:11:54+00:00,73890423855099261268197674979498041824881965319673879879507212961483126998683,29771515314065403331935508893946579645282141892225585852084723308418208825505,No,4320,1.0
253706,0xcd1b6b71a1964f15e2c14809594cbfa0d576270e8ef94c8c24913121097e09e5,Will Donald Trump win the popular vote in the 2024 Presidential Election?,will-donald-trump-win-the-popular-vote-in-the-2024-presidential-election,Politics,flagship,119932620.818624,2024-11-11T22:30:39+00:00,42699080635179861375280720242213672850141860123562672932351602811041149946128,52646153159016006621189163812433115969858888637703551736022048114666679879653,Yes,4320,1.0
516767,0x244c75b2c6095b2e67699c10d0c6548d757d58a1ffea32ad6882c9a389803bd4,Will Pierre Poilievre be the next Canadian Prime Minister?,will-pierre-poilievre-be-the-next-canadian-prime-minister,Politics,flagship,67376035.838465,2025-04-30T11:29:47+00:00,107945661229032133314278422758316384974042957235190601935788628895276141846095,304223829867910478181460849192477530685410813637096841629263146254608207526,No,4320,1.0
253591,0xdd22472e552920b8438158ea7238bfadfa4f736aa4cee91a6b86c39ead110917,Will Donald Trump win the 2024 US Presidential Election?,will-donald-trump-win-the-2024-us-presidential-election,Politics,flagship,1531479284.504353,2024-11-06T15:17:41+00:00,21742633143463906290569050155826241533067272736897614950488156847949938836455,48331043336612883890938759509493159234755048973500640148014422747788308965732,Yes,4314,0.9986111111111111
253593,0xced9f9d90c94db9f1e1dbd7d9fba82fe4fa7431c0d4e91e28896c8ac2d6acadd,Will Nikki Haley win the 2024 US Presidential Election?,will-nikki-haley-win-the-2024-us-presidential-election,Politics,flagship,107529158.083605,2024-11-06T18:04:10+00:00,25663677275476030658483179785762851061160843737234225579491314980654272946621,19083349462791593334532840548890602187185739923311385087650426802477691161360,No,4314,0.9986111111111111
502571,0x70de1b06646805d289744df352ed58b5612fafb3d0322e483243c32cb110f8a7,Will Trump launch a coin before the election?,will-trump-launch-a-coin-before-the-election,Politics,flagship,76899060.598799,2024-10-18T00:22:28+00:00,104468264438118085465761163263611745362235161579898771567536629365715258090512,110956193269330984108742479380582706889793052817208611887999646282949901872730,Yes,4320,1.0
512246,0x9170008ce066642f6dfe51292fe526bd842bd9ffa121ec9b053de8dfc1444123,Will Austin Scott be the first elected Speaker of the House for the 119th congress?,will-austin-scott-be-the-first-elected-speaker-of-the-house-for-the-119th-congress,Politics,flagship,67258993.77656,2025-01-03T23:22:49+00:00,65560207284874123441584537082169611042873507837195788078935581907371546857254,83081225549464525786604921429823254061702747984805625369909547871933046013906,No,4320,1.0
507242,0xfc85294228f82de21e18774b133a6db99ddaf4ebe5bf8c4f6c356ae4901d1165,Will the Democratic candidate win Pennsylvania by 1.5%-2.0%?,will-the-democratic-candidate-win-pennsylvania-by-1pt5-2pt0,Politics,flagship,109063759.600993,2024-12-05T04:16:19+00:00,37216002198068335704548623054992010338811654161235074096184479870463026341679,50359548234039960292196003199462920229740483405247698708858122753748162136710,No,4320,1.0
253610,0x63634b4e14297a748923f86dca4fa0c6c659db0f5fadeeb8e419e48e20759c34,Will Hillary Clinton win the 2024 US Presidential Election?,will-hillary-clinton-win-the-2024-us-presidential-election,Politics,flagship,93307167.686999,2024-11-06T19:45:30+00:00,81996907021530768903266356962155871449963890840127658427020993407290924449685,79316691944049488812500733050438507204613781002222375264046442941003895009475,No,4314,0.9986111111111111
534189,0xa4f51ae09144ebedb1e4329a28597dcb25217be1050fb76b86335837943bf519,Will Lee Jae-myung be elected the next president of South Korea?,will-lee-jae-myung-be-elected-the-next-president-of-south-korea,Politics,flagship,88035547.447225,2025-06-03T21:33:32+00:00,106153378961102532315642223211322829491902773315904192835321056658787574388535,77444435762420711044339640645792265526010696615911175439180482698545420366139,Yes,4319,0.9997685185185186
253597,0xc6485bb7ea46d7bb89beb9c91e7572ecfc72a6273789496f78bc5e989e4d1638,Will Kamala Harris win the 2024 US Presidential Election?,will-kamala-harris-win-the-2024-us-presidential-election,Politics,flagship,1037039118.18879,2024-11-06T18:03:54+00:00,87584955359245246404952128082451897287778571240979823316620093987046202296181,69236923620077691027083946871148646972011131466059644796654161903044970987404,No,4314,0.9986111111111111
253727,0x265366ede72d73e137b2b9095a6cdc9be6149290caa295738a95e3d881ad0865,Kamala Harris wins the popular vote?,will-kamala-harris-win-the-popular-vote-in-the-2024-presidential-election,Politics,flagship,163779786.645492,2024-11-12T10:03:19+00:00,43898019188443109254544011644141095748327433947336326565220861409147408981284,21271000291843361249209065706097167029083067325856089903026951915683588703117,No,4320,1.0
253609,0x230144e34a84dfd0ebdc6de7fde37780e28154f6f84dd8880c7f0e58d302d448,Will Michelle Obama win the 2024 US Presidential Election?,will-michelle-obama-win-the-2024-us-presidential-election,Politics,flagship,153382275.618594,2024-11-06T19:00:15+00:00,101835693390914207034008670272805414453671321042882880939287726647351186404691,97508453625137094121006941885029334584603955750917059456402541591996493525667,No,4314,0.9986111111111111
512340,0x9872fe47fbf6284e5399c0f41d6d2c8fb310d2f4d2d50635ab3b36f6a0a7f5b0,Will Nicolae Ciucă win the 2024 Romanian Presidential election?,will-nicolae-ciuca-win-the-2024-romanian-presidential-election,Politics,flagship,326507670.562732,2025-05-01T09:18:53+00:00,59618000103872045883924272587382664437569966578424869104128564655378953160740,53033438245279373213426094525005043480366615306824323472317521871682514379120,No,4320,1.0
686122,0x478dfc905dd9f44631e7b3a2a76f8aaf5680bc77fd17fe79179664b0ca819a18,Lighter market cap (FDV) >$1B one day after launch?,lighter-market-cap-fdv-1b-one-day-after-launch,Science/Tech,flagship,55056697.127347,2026-01-03T01:35:37+00:00,108054592060808479303370270554306028883916458239782628449790057811735078958789,110765302299513456585207845551762220756544326353398751489227277620687637943699,Yes,4320,1.0
558935,0x375409bc5eeeff961e82b479caeccc20f33d15738e5bce1186d628aa3d9dfb1f,Will England win the 2026 FIFA World Cup?,will-england-win-the-2026-fifa-world-cup-937,Sports,flagship,110162254.18757918,2026-07-16T00:11:11+00:00,77121637225348873006259930776623502125079210522997384841464684944292365296940,115556263888245616435851357148058235707004733438163639091106356867234218207169,No,4320,1.0
507892,0x763cc84a3cde36b9ce12a8afe6d3e1e3e46e50692e8ec47636c7803c1033cfab,Will the Sacramento Kings win the 2025 NBA Finals?,will-the-sacramento-kings-win-the-2025-nba-finals,Sports,flagship,378011506.511399,2025-04-17T08:51:19+00:00,6337766885333966690546293438662675059330486971861645192801950206137287554438,41257670817876317355997233596113195194194608207987371129645019730826567930842,No,4320,1.0
503329,0xa8a63360ae663bec3cff1f34357c9a73378767f6ef1853f15de47701027fd141,Will the Patriots win Super Bowl 2025?,will-the-patriots-win-super-bowl-2025,Sports,flagship,74275772.258203,2024-12-02T00:36:34+00:00,75600188276302107134313150350605198202630590842724839689703495381032181513643,31300399306949971768449961247118568299701374047026733785221770769092315493347,No,4320,1.0
558963,0x37a6de1b21803e5f3fb1965116218215d79963af4f7e51659696366267a63a03,Will Morocco win the 2026 FIFA World Cup?,will-morocco-win-the-2026-fifa-world-cup-464,Sports,flagship,152254451.3257818,2026-07-10T01:10:56+00:00,64291832879722161879651094688874074984529456778901604558632306686248535158725,69910730841487615802736046038473620030754616421912831175284551372639933569112,No,4320,1.0
507310,0x49508de1a82f3bacb7aa0cb80f33b06b147d648f6318e9e3732e949466b7026f,Will Red Star Belgrade win the UEFA Champions League?,will-red-star-belgrade-win-the-uefa-champions-league,Sports,flagship,69281806.2784465,2025-01-22T02:15:44+00:00,15967271499345993052394457372074652467537326289468757760173920841513252855086,115444954793985379021585674637906429040673431842383841060700879125120309599637,No,4320,1.0
558970,0x3bc69cb672591e4fcd2ef856b64b219a906e15d4601b50066ac81a446574dfaf,Will Cape Verde win the 2026 FIFA World Cup?,will-cape-verde-win-the-2026-fifa-world-cup,Sports,flagship,119207233.3327582,2026-07-04T03:56:04+00:00,51603557647605526784272094285656249935467020057355371392584885347569984808630,61595193871140044336898809781418183952441527621084596848414908595268863899573,No,4285,0.9918981481481481
507286,0xce0f82dc8bb789ffd3bc2928db80bbc539fa04dd223d6e15e2d81eabf8e279fe,Will Aston Villa win the UEFA Champions League?,will-aston-villa-win-the-uefa-champions-league,Sports,flagship,133113813.382904,2025-04-16T00:18:15+00:00,113944511437047286070977074222535617181404611267671592896303826271480616303572,17148991929546304218678959738430213065524880357303658607403556776126482126118,No,4320,1.0
558949,0x0189df05ed7bf84d799213b01a79571e305c03b2ac5359cfbb3a323448ba20fa,Will Japan win the 2026 FIFA World Cup?,will-japan-win-the-2026-fifa-world-cup-112,Sports,flagship,95790683.29305989,2026-06-29T22:14:40+00:00,30480347120583372139084467958111617967991872806450711152133323106144105346695,19159976531313550247579355752030367100657092033093647047491459813592996250034,No,4320,1.0
558965,0x6972edb1b3f8cd8192651a665fc424dff846efe1c4a2376f628d4b20c704144c,Will Senegal win the 2026 FIFA World Cup?,will-senegal-win-the-2026-fifa-world-cup,Sports,flagship,80692765.78550497,2026-07-02T01:59:14+00:00,113265059897956746691843122168656761655221736394810246476379385708691102755798,32169302633723235235251659810064817019484855501133685217130365128535248672349,No,4285,0.9918981481481481
558936,0x9b6fef249040fd17e9c107955b37ac2c3e923509b6b0ff01cc463a331ddeb894,Will France win the 2026 FIFA World Cup?,will-france-win-the-2026-fifa-world-cup-924,Sports,flagship,132448346.86106884,2026-07-15T00:07:37+00:00,32270411694523539495262303868629477861017829722282576458031815333486368239544,108233603819467706476318984012158651931658302669301887462181073562758483842092,No,4317,0.9993055555555556
558955,0xbaf7780f9059e34b84301fd411f8dc573b4d56adfe6e0cda33daf304b1438da4,Will Ecuador win the 2026 FIFA World Cup?,will-ecuador-win-the-2026-fifa-world-cup-986,Sports,flagship,96888032.2203568,2026-07-01T07:21:31+00:00,76638532101043658630369484092110685720624002077285242368448475410253808399541,39971087496427056640429359043364261029374524049464674733142166279730655826181,No,4285,0.9918981481481481
558951,0x7b52405ad0e0d31bfe970940b67d77f24ecedeab8a2361c11148c02a006e325c,Will Norway win the 2026 FIFA World Cup?,will-norway-win-the-2026-fifa-world-cup-893,Sports,flagship,137345387.0652803,2026-07-12T02:58:20+00:00,111538579557239934343870815626480092245052857494675784434731223739153238373070,60447443643099453130956385288904175887233107411078568881602330835010340506057,No,4265,0.9872685185185185
558972,0x3fb8a8de2ac275882d72b2c4f22d41776fcf033f9e413a77a84dd395c0d5257c,Will Saudi Arabia win the 2026 FIFA World Cup?,will-saudi-arabia-win-the-2026-fifa-world-cup,Sports,flagship,57271836.512883715,2026-06-27T07:29:43+00:00,114546670306823666642195507621782951860129088864927983250949362928442688463192,23542782083949026234898323432000742558288032327930681121040136746492993951914,No,4320,1.0
558934,0x7976b8dbacf9077eb1453a62bcefd6ab2df199acd28aad276ff0d920d6992892,Will Spain win the 2026 FIFA World Cup?,will-spain-win-the-2026-fifa-world-cup-963,Sports,flagship,152168021.58979887,2026-07-20T01:14:28+00:00,4394372887385518214471608448209527405727552777602031099972143344338178308080,112680630004798425069810935278212000865453267506345451433803052322987302357330,Yes,4320,1.0
558960,0x965ebc5d79eb1ec02cad67245a44b9e45b33359018f013fb6cf81d5bbf7bcc8d,Will Uzbekistan win the 2026 FIFA World Cup?,will-uzbekistan-win-the-2026-fifa-world-cup-773,Sports,flagship,61524249.26841759,2026-06-28T04:44:37+00:00,105754735859803813986361714630753276237891536292440584153365249756008425623608,90538013438399246674125939147272424357773921253199632436930218305581040235987,No,4320,1.0
2053402,0x67e473940bd2d1e652294c2d54cfcda43926bf31e1c958bf17983eb881bad1fb,"Will the price of Bitcoin be above $74,000 on April 29?",bitcoin-above-74k-on-april-29,Crypto,mid,981143.9037959984,2026-04-29T19:25:48+00:00,53564445911606998794465897712330826054548035395485610761888063680211319612022,6001922216524989216023656742979335728197506078450389288860021935652362634930,Yes,4313,0.9983796296296297
1345822,0x091a562f6b4b504a03c3ef40e578ae3b0ca52c9512a65e51885760d74c904e78,"Will the price of Bitcoin be above $70,000 on February 13?",bitcoin-above-70k-on-february-13,Crypto,mid,988123.140401,2026-02-13T19:41:19+00:00,108853481568553649253715212514076495978343067195498290598399317284340774311096,7514338355482411107885297642147346700682602688822253701101006408397180395381,No,4316,0.9990740740740741
531921,0x6217c64e6b26a7d8dbea2546838886d9ac9bba4ed8a1cf3e4b37893ff2ed5fbb,Will the price of Bitcoin be greater than $90000 on April 4?,will-the-price-of-bitcoin-be-greater-than-90000-on-april-4,Crypto,mid,983664.347514,2025-04-04T19:55:16+00:00,44150501079513478301786938324446010480899782000222021992538178610972294316903,105236909812443306055181098073610644740860275152115511316568887298299875734012,No,4320,1.0
659259,0x72503e9d888ae4c2d7b083d9ba3e57e556fa76b3c46c95bb418f52218f6071a8,"Will Ethereum reach $4,800 in November?",will-ethereum-reach-4800-in-november-2025,Crypto,mid,987553.155215,2025-12-01T07:30:46+00:00,36576762021606063527443235707992024717939730024602527635789660020287395067249,79109509504388163444704113073935026470361303934831834185736219514721694391302,No,4320,1.0
1214083,0xffe5b0372e529d536e34706ed1304f74f4ca6af98011a3e59a925afc316b7624,"Will the price of Bitcoin be above $88,000 on January 25?",bitcoin-above-88k-on-january-25,Crypto,mid,994661.370376,2026-01-25T19:21:56+00:00,20737654223086278863723324358092478208412726143704511273919890179415601312815,36737602622011938385093512293073431493726170050275399552082175089985929188312,Yes,4320,1.0
510109,0x52bf959ee07a19fe177c726eb2eb1a637930f429b4c787b80186922c997b6220,"Bitcoin above $69,000 on October 25?",bitcoin-above-69000-on-october-25,Crypto,mid,992979.844145,2024-10-25T18:07:33+00:00,34788953520238143372177958500989617186054043917260951590807687442254078813268,38281679167889411255985559836114813759232651160435884152884438731603820478885,No,4320,1.0
516949,0x50b8b0f741566a420756d975faaf4cc4716229cd5183c3a35b3b20ac2b5050ef,Will a new country buy Bitcoin in 2025?,will-a-new-country-buy-bitcoin-in-2025,Crypto,mid,980853.02188,2025-11-13T18:24:10+00:00,52696967762983156376661808083218380818225074723063198070857375460800745709299,68828044399544708262191871118160142177815171872585044911093257854055272644515,Yes,4320,1.0
1338373,0xbc04e784803b1901601bac2a7c14e2e884aabccf6dfec26a03e9c8f678904ee8,"Bitcoin Up or Down - February 7, 3AM ET",bitcoin-up-or-down-february-7-3am-et,Crypto,mid,983410.080303,2026-02-07T10:21:15+00:00,34484385439463677670574060340706504186874443392899500746767928292393890201197,18272482572639512357876689373281458860079765728925477892054110350827565638681,Up,3017,0.6983796296296296
650379,0xec18e7a50894f62dbd9b228ae2c8bc35835bf1d7ca9c3e7f86fcb8ad91f764d9,Over $4B committed to the MegaETH public sale?,over-4b-committed-to-the-megaeth-public-sale-752-459-935-742-742,Crypto,mid,989317.444237,2025-10-30T15:33:47+00:00,40812897190288433286705350418870587621709279946268327834992904951749231351457,77970829646342801770668777915338970225530746267104536014044971916767589986871,No,4118,0.9532407407407407
1345824,0x58c931c00e31fd20d02aade0c1e287e46a15b6da514c3ac3624e956e41bc45d0,"Will the price of Bitcoin be above $72,000 on February 13?",bitcoin-above-72k-on-february-13,Crypto,mid,999989.655509,2026-02-13T19:40:21+00:00,63639438919761841058289730115323799339763713395555956710863501275355678776678,104756358230945600581080149774775022579878993398785877333022959305128527232822,No,4316,0.9990740740740741
1308008,0x843c4abd314b296040fedee9afb57bd33e9eb54ee43732b29e85aa4e45df73e7,"Bitcoin Up or Down - February 2, 11AM ET",bitcoin-up-or-down-february-2-11am-et,Crypto,mid,998475.093858,2026-02-02T18:36:02+00:00,109406962729570024974454652062099587774576985310658305387014513290809209665239,32953094530068492590414410728325983053834339114197374589693523012885818111887,Down,3032,0.7018518518518518
1672992,0x8d37a454faa988ab66939f3df9c304f45fa11b8e65432fca0c4f5e03f66936e6,"Will the price of Bitcoin be above $60,000 on March 28?",bitcoin-above-60k-on-march-28,Crypto,mid,987622.939469,2026-03-28T18:46:51+00:00,25452394654451773045918522965811198933893250429532743956138004962685563930922,82482311083971006338338594569238848715382800758836316408996072457711711829338,Yes,4319,0.9997685185185186
1473059,0xbce23197ae7874792301e6cffa6dd8bac43c5deb62b0a8955c956ef2d3c56bf1,"Will Ethereum reach $3,200 in March?",will-ethereum-reach-3200-in-march-2026,Crypto,mid,997433.0805379984,2026-04-01T07:41:15+00:00,103816350006785978827940939510538944506720682148053907187467474310332144953615,109032826224197715026334794225382473216036340732102671964821699411734124191297,No,4309,0.9974537037037037
555061,0xa91f38f47261a695e54edad8be6af924c3cb3df19de6f262df2c70251a67c5ba,Ethereum Up or Down on June 25?,ethereum-up-or-down-on-june-25,Crypto,mid,988654.998716,2025-06-25T18:44:30+00:00,104370639430953160820038105158176680818939818642851696017627333789042745149939,23569196188602470223370948509503215437843787369163745396072421700438317319986,Down,3034,0.7023148148148148
1373526,0xbaebcbcf028295f37570dcb8086bcc76fcba6b2f93635472f13a3a391346e191,"Will the price of Bitcoin be above $66,000 on February 20?",bitcoin-above-66k-on-february-20,Crypto,mid,989914.15684,2026-02-20T19:25:18+00:00,78713212573432091260426287792484798458032177056863253816110587713645519548365,62462289237859932960034141351005135966503458427276193120598258690287964767093,Yes,4319,0.9997685185185186
1092481,0x72f2eafdddbe76af4dc3add2f0f8aff93520400d423b347655c2eaa10d0f099f,"Jerome Powell out as Fed Chair by March 31, 2026?",jerome-powell-out-as-fed-chair-by-march-31-2026,Economy/Business,mid,995383.2905240004,2026-04-01T08:23:03+00:00,22220888495634956063244044136609960213710905308790329884735167234963946757921,37630452565726710287337019432568734999935105393847322660206180233791277542800,No,4309,0.9974537037037037
675504,0x13c8546e1600edd62efa2c0530d99214cbbb3e9eb27c3e72fd09e50e874f17b3,Will NVIDIA (NVDA) beat quarterly earnings?,nvda-quarterly-earnings-nongaap-eps-11-19-2025-1pt25,Economy/Business,mid,995129.929459,2025-11-19T23:23:45+00:00,35741847190338739296857709954188264640914505913807385160513967866081950054520,19559313715520778061864171300912607517306679450029273175078252390244053444941,Yes,4316,0.9990740740740741
1345914,0xf7ddbcf3f56543a8fa36cad800d0390d1e423f0cc049cdb5a14592eabe87f3c2,"Will Kevin Warsh be formally nominated to be Chair of the Federal Reserve by February 18, 2026?",will-kevin-warsh-be-formally-nominated-to-be-chair-of-the-federal-reserve-by-february-18-2026-264,Economy/Business,mid,993339.886075,2026-02-19T17:14:38+00:00,86234587322222587102439832018459743713560810671316608061586183906929410205176,111368255419834803503143978971926359489073926476942643176160350483874287945497,No,4318,0.999537037037037
515939,0xfc321fab4982c1d38d3b45dd7415bb2856d92f615437cfa613124bf514a23446,Israel and Saudi Arabia normalize relations before April?,israel-and-saudi-arabia-normalize-relations-before-may,Other,mid,999034.199606,2025-04-01T07:35:14+00:00,77930679793727058638656816115384202767512466987846494286804832534411540547965,64555672879325134758813384297608218871586753530328083070929785098654951630521,No,4320,1.0
568711,0x007ca282c2ae91b1447e69e57779afa61793365e88063ec5e0ad8511cc2c4a48,Will Hao-Tong Li win the 2026 Masters tournament?,will-hao-tong-li-win-the-2026-masters-tournament,Other,mid,990938.6408990022,2026-04-13T01:31:13+00:00,6946505923351681593787474983542876291655012364672387381126851401757395198214,39618931849258121005255985089946841075992864646647801098543578768055733268902,No,4317,0.9993055555555556
1340487,0x9c24d1c7e584b910eebd6f83e3b4a108d6a78f4b29013f5fc0a4bd29d01c9f13,"Will Elon Musk post 115-139 tweets from February 7 to February 9, 2026?",elon-musk-of-tweets-february-7-february-9-115-139,Other,mid,997824.852581,2026-02-09T20:49:23+00:00,63570813275059462453274880533074529187926255761177531428352825888958549383752,88894061737084319219349879428901215778025838394261377623486108126320649627318,Yes,4318,0.999537037037037
1369878,0xbc8d0415c38d2f8ac1ec5fa568015534999b79353aa21ff6ababba7e563647e7,"Will Elon Musk post 90-114 tweets from February 14 to February 16, 2026?",elon-musk-of-tweets-february-14-february-16-90-114,Other,mid,999970.610198,2026-02-20T02:01:32+00:00,97804798297685083310876241850987747953892147247122942559739233904657354542304,102537315715678355572271579005595737578706394759017439902058315195378509656429,No,4318,0.999537037037037
929154,0x68ad78706db5ea8e3714f1c8ece21dc42c537c061823ca1684fa6e10ce2c2f2e,Lighter Airdrop on December 28?,lighter-airdrop-on-december-28,Other,mid,987333.83284,2025-12-29T08:15:43+00:00,3045029170202022728617789128643116309579555486456503702098855469089951885873,19320205281871644034690096049178036901237071159356434803451661018397350691858,No,4318,0.999537037037037
1155218,0x9b1baa4b1b238804b448c052bf58565273ec1fb4526e4208c92181461bb1e8b7,Spread: Warriors (-7.5),nba-atl-gsw-2026-01-11-spread-home-7pt5,Other,mid,986917.47885,2026-01-12T06:07:18+00:00,41973710871266579523154117066675305183591107403484115637878923217577448084952,30358706768958892693997864343093945742065325480913580480920995693689875155535,Hawks,1975,0.45717592592592593
1087520,0x018b3300ac367451ac9282425942e775f1015bb3c72b8a483153593bdb550b6e,Will Casper Ruud win the 2026 Men's French Open?,will-casper-ruud-win-the-2026-mens-french-open,Other,mid,983308.2274579993,2026-06-01T06:28:08+00:00,109687488329977372588961999276691632857978580647392345152502267095195233159315,39873677932135799317548958861266459868369810331442415369961308669359055665132,No,4283,0.9914351851851851
2161585,0x28124f95318a90b028d434661334b8f7fd0f849a30d9fe520f302dc24e18a172,"Will Elon Musk post 60-79 tweets from May 8 to May 15, 2026?",elon-musk-of-tweets-may-8-may-15-60-79,Other,mid,985519.612281,2026-05-13T03:50:50+00:00,55609514455536367783748048169145591747798627925771911220061941744289440763412,112614984321637565334198337813764258916931192560206413912375844387913853827218,No,4312,0.9981481481481481
939164,0x9e3ffdf4e80382921373c3fdd2f7a941dd3e61b8e625d30fa33f20e6ed43dd49,Will AC Milan win on 2025-12-28?,sea-mil-ver-2025-12-28-mil,Other,mid,986614.354973,2025-12-28T16:48:31+00:00,61684982570245902578997911993520080927919477568564757651226612325961045533847,29917863361717762015716090949409223090545959383904978448377961742459731252797,Yes,4318,0.999537037037037
1400681,0xb346604784a01d0ec8935d84994d3779ffcdeebc65b7a6bf61380b950d5d8b8d,Spread: Cavaliers (-5.5),nba-cle-cha-2026-02-20-spread-away-5pt5,Other,mid,993066.171874,2026-02-21T04:50:06+00:00,105623489621261477446317714371102327235663399175162260439707384128653773827948,68248008554344036943338993007138233559926689516207401072375457664201462752221,Hornets,1469,0.3400462962962963
521703,0x86d615cc19e752b444f5efa60b67418301ee138d6f436c01e096f3b25c882086,Will Trump issue an executive order on February 4?,will-trump-issue-an-executive-order-on-february-4,Other,mid,983012.77858,2025-02-08T21:58:22+00:00,104698262050475901494333978371457658130479486718713901506701105063428355159834,20833091873381756644347551366977359130544018338401834039886310849857860673159,Yes,4320,1.0
4016662,0x593b6b78d055c1760362e3231769860deb55b868f397b9dd02eeb10f8192ec16,Will Paris Saint-Germain FC win on 2026-09-13?,fl1-sbr-psg-2026-09-13-psg,Other,mid,980899.753467,2026-09-13T21:06:43+00:00,94553050471664125532234279347808514277108326597077265865782317999731567066971,79486978107228806161675537331616679107128286032027598109582112840243184703197,Yes,4294,0.9939814814814815
568697,0x976445d28c2493abc8d5ecf1d63255572b5690d2a3eefa1c7920a72614eb4712,Will Gary Woodland win the 2026 Masters tournament?,will-gary-woodland-win-the-2026-masters-tournament,Other,mid,995777.012137,2026-04-12T21:32:59+00:00,95542758134069523642215372011827559974163447225973471365011816702828570649322,101739059646084616386619460144786296086162622476300462887416978599303488084113,No,4317,0.9993055555555556
253891,0x830fe8eb8ab09693af821fba6d1d2c5369a696715c029b978e06df41cc614390,Trump margin of victory in New Hampshire Primary >15%,trump-margin-of-victory-in-new-hampshire-primary-15,Other,mid,997617.26,2024-01-24T20:31:40+00:00,36675510470072774744443533757655464497337222280198476290210465654199705729371,79044640158034091299262760108813957417246768673122071583111344168798410046359,No,4320,1.0
525060,0x876c137bd74bde1ffaccd26e29078355a63c16d1f8182f39cb4bb03459dfb1e5,Will there not be a new Pope in 2025?,will-there-not-be-a-new-pope-in-2025,Other,mid,984579.376152,2025-05-08T22:51:15+00:00,62107363369468857188498158701821901496687692607863401426928222310016825320353,109543373730361316071663988282389631048194723809928567023398414066568047449879,No,4320,1.0
503990,0xc483b69c792573f9f551de647f7125ac1e32007e32fb6207d8ab4b25f167fd6b,Will Hillary Clinton be the Democratic Presidential Nominee?,will-hillary-clinton-be-the-democratic-presidential-nomination,Politics,mid,982791.94,2024-08-06T11:51:30+00:00,5228401125175380603080238565962811557869909278378761078830282444894804503136,7874493263979514764247517190460685069547781791844162306222870829611172116776,No,4320,1.0
563718,0xed4615db4766881d064c19a6ca9ea6f3f3bc4d55c41fac513d1ca7a2f4dc96e4,Will Andrónico Rodríguez win the most votes in the first round of the 2025 Bolivia presidential election?,will-andrnico-rodrguez-win-the-most-votes-in-the-first-round-of-the-2025-bolivia-presidential-election,Politics,mid,990326.123506,2025-08-20T09:18:57+00:00,64596894704283417931043793895816384874636567630194378805432301241626406529835,101440307117479003135622952343564417356383687164108969606891289022765788993223,No,4320,1.0
1193230,0xdcdecdd86db43aa1d0c4ed4fc80142e86597c5383a22eccf006464c29099371c,Will Anže Logar be the next Prime Minister of Slovenia?,will-ane-logar-be-the-next-prime-minister-of-slovenia,Politics,mid,999766.320086001,2026-05-31T15:27:19+00:00,56865585786013913019041195401457595545469105596158700772973025584682258133180,48646460825120848543968303747890148767379095907422369592645508447505900926583,No,4283,0.9914351851851851
255061,0x6964df311eba3add433112c9ab13ef529c8e2e07e7c115b9cc548de035f5b25f,Will a Republican win California Presidential Election?,will-a-republican-win-california-in-the-2024-us-presidential-election,Politics,mid,990768.222498,2024-11-06T21:20:38+00:00,21807180570093497082701729328728463060487969746244884053847428204189555032238,99830846713807084277950392215452568080477500108350730334986898631459175275385,No,4314,0.9986111111111111
502741,0x03ae1b62fa4eea75c286e9d461afa30d943be864f61dcc1f86f6764c4ec099c6,Will Ahsha Safai win the San Francisco Mayoral Election?,will-ahsha-safai-win-the-san-francisco-mayoral-election,Politics,mid,992452.22775,2024-11-09T23:23:24+00:00,15759865917264586012306521514689102559100793643207836511539044307603827391295,78307614038486164602702977878913847541694839339683632846666802069985891395088,No,4320,1.0
518559,0x3c02e07ce45d8ef1acb4b1cf82fcd169e1b1b8cd267391d18ae00103522b1fc1,Will the Tampa Bay Lightning win the 2025 President’s Trophy?,will-the-tampa-bay-lightning-win-the-2025-presidents-trophy,Politics,mid,997980.406767,2025-04-04T08:28:17+00:00,51077424931118160514226530372123529714870803765863430733363361622974083153421,47643874089675349498244847841711833037687812165646213214289544564662971164430,No,4320,1.0
500513,0x208938ca6a4b6474fc1a9346b6415c69bca34854f27e232200dea09eb18d23aa,Will a candidate from another party win New Mexico Presidential Election?,will-a-candidate-from-another-party-win-new-mexico-presidential-election-2024,Politics,mid,999722.941966,2024-11-06T16:08:47+00:00,36657118186654538136916008590666299434286739843517116671714568148263515923875,26853647263822975953364582665233633174590267092489120199160800552859810508022,No,4314,0.9986111111111111
523343,0xf3d74c153a35436ff82a5f78200104975c5841140ace763f2954adb340cca511,Ukraine election called in 2025?,ukraine-election-called-in-2025,Politics,mid,982716.694339,2026-01-01T09:11:37+00:00,57160884655103428512814247631012981773015723019889832549493437551469480061242,22255463452594162709449800579658835371746668793825841462318307382376621533755,No,4320,1.0
525830,0x00b2f3ec7c5092fab8fb54ae2451f888266d3c365742d865e07dcfc4a8c1eac0,Will 9 justices on South Korea's Constitutional Court vote for Yoon's impeachment before May?,will-9-justices-on-south-koreas-constitutional-court-vote-for-yoons-impeachment-before-may,Politics,mid,993007.178107,2025-04-04T06:42:59+00:00,7852297835454818219351302646585203538466400881467032086848018339478979685561,103121730430916431329269464174938534519030363046365255947035127034379799914863,No,4320,1.0
504602,0xdcca092aa2cc55f8053437e3f71ee853aa89f28582ac98231b0625a8609df32d,Trump-Vance Republican ticket on election day?,will-trump-vance-be-gop-ticket-on-election-day,Politics,mid,991254.327765,2024-11-05T10:47:00+00:00,80332381014310762500462611104535522261876774738159045302005346353021349772614,11854011057464762682817557582202824760201041132396559911429753922780169499516,Yes,4320,1.0
512819,0x7e58abd89b04a34b4a066d94c0bcf53cf0c7ccd9f568c6c1a339d996bce6356a,Will Micheal Martin be the next Prime Minister of Ireland?,will-micheal-martin-be-the-next-prime-minister-of-ireland,Politics,mid,995014.714326,2025-01-23T23:16:53+00:00,69551138672200365435590470682397225832022061915759569108229590190738782171644,106538630483627304868197887585168369951920815339393933749500603941575428627764,Yes,4320,1.0
529268,0x756f3978771032e5bff72303ed01315499e9fdb05c0a291a2a8dfb435b109fd0,Will the PPC win 3 seats in the next Canadian Election?,will-the-ppc-win-3-seats-in-the-next-canadian-election,Politics,mid,991364.43239,2025-04-30T16:52:32+00:00,90544645079491307421727264134157132473934026806253986577411692338411884402815,112931772738001967483733520945719499176812368854573963047580525935926181706627,No,4320,1.0
841066,0x37f80d85d7cf363f903a02f86325ebb5aae3cf82cad774c6511d31888365b7d8,Spread: Rockets (-9.5),nba-phx-hou-2025-12-05-spread-home-9pt5,Science/Tech,mid,995978.505266,2025-12-06T08:06:13+00:00,50523031773630599256591700072085165579960399508739370944083992487646077428989,87581140563195410482745560412529478531840876735096273685155943399563525620241,Rockets,449,0.10393518518518519
682022,0x703e16666c4979622562ec916e7d7747f68992868fdf3ecd2213f3b1b8203014,Kings vs. Grizzlies,nba-sac-mem-2025-11-20,Sports,mid,997734.897404,2025-11-21T05:36:55+00:00,88496893203353303771826476673883059425732241852436136103882514035431968504765,76848131493285706913893644379340291709408479800366517247259417432823090288755,Grizzlies,4316,0.9990740740740741
579133,0x0cbb35d7e28390fedb4576fa2a49dc14f2509a042156bc0ada6f8d59d004f70f,Royals vs. Tigers,mlb-kc-det-2025-08-22,Sports,mid,993954.45696,2025-08-23T04:05:29+00:00,1592217848073960251521435917483559389598066501856939169155109472377259104655,114738203775898395617714848817304426526047964437082230961520949724569785783594,Tigers,2629,0.6085648148148148
1408496,0xcbe3c43455fee7f0fa71abf6063298ab3b3b210529129e9fef73f45e7ff5815e,T20 World Cup: Sri Lanka vs Pakistan,crint-lka-pak-2026-02-28,Sports,mid,994696.235395,2026-02-28T19:29:47+00:00,53490111259205637703758256567557150057122806434564629445743891916934478177801,112855158461537991941277264309955335358488309454678963795720376458188234335107,Pakistan,4307,0.9969907407407408
2053174,0xbc32282afb28052f3a7a16cd9514c3a64cc133b04f8c00ac78ec7bda0f130a5d,LoL: Ultra Prime vs EDward Gaming (BO3) - LPL Group Nirvana,lol-up-edg-2026-04-30,Sports,mid,987542.7843679996,2026-04-30T18:57:00+00:00,54201418142978505338083727852313601977019853544523177693826686981606129904966,13921638597738608611929604974363331791781320189422847138186025420137692085660,EDward Gaming,4311,0.9979166666666667
2923353,0xdeb9ac4f714cf4a77b3ad0b51ee660e97d58b63df6d2742355dca69c67a4a42c,Dota 2: Team Spirit vs Team Liquid - Game 1 Winner,dota2-ts8-liquid-2026-07-15-game1,Sports,mid,992307.4544849996,2026-07-15T14:23:26+00:00,96080986114154191922704022976374324190273974400477847771670251257709547971735,60763476143396891752355094701933688260848785572068480907324289768708153882048,Team Spirit,1318,0.3050925925925926
2371661,0xf33e2c0ac232b2b0de276c9e1a7d1e7a80452589202144dc509b1dd57bb8b834,Dota 2: Aurora vs Team Liquid (BO1) - BLAST Slam Group Stage,dota2-aur1-liquid-2026-05-28,Sports,mid,985647.8451080028,2026-05-28T13:07:18+00:00,76574707409612291658082466805140506189898502341782614322434010956457718860467,19578474662853904387755435037338936365553869097003565405840379962877798729387,Aurora,1143,0.26458333333333334
539905,0x5fb9cc6a287ac33589c3f23688470e4738c41a08ca8b28e954b79cb6d8e00f00,Magic vs. Celtics,nba-orl-bos-2025-04-29,Sports,mid,990391.143995,2025-04-30T06:47:45+00:00,17901914100030340596184584419579778759039251097873951074876955050455760257440,14946436283979177208460030347855698765650033697528097046779029976636123620483,Celtics,3211,0.743287037037037
1472583,0x6a367a1ade69e70c7e9c475beb6bbe826cd0fa03e672cbaef9f514c371d2f978,LoL: Cloud9 vs LYON (BO5) - LCS Lock In Playoffs,lol-c9-ly-2026-03-01,Sports,mid,980490.764974,2026-03-02T06:04:11+00:00,92544558150270477602212337216525815420640094144124283356615292555500852162480,92241882895687025459621859031795704690561680285698429777175958267353473483796,LYON,1547,0.35810185185185184
992866,0x70bb4f2d7614c8679d606671e2b4c07462d6c4c625956bf23a78d33209f9f843,Chelsea FC vs. AFC Bournemouth: O/U 3.5,epl-che-bou-2025-12-30-total-3pt5,Sports,mid,980631.165695,2025-12-30T22:40:53+00:00,36109218884004840940340805652343489634351749426976848152055077431160073767119,80814150404985213760869750067832639224968134161839081087462657603895222129606,Over,4320,1.0
1320233,0x228882ef15410cda88ae94b6fee134e87de5360d8439cf7901b2a0f8ddd2081b,Golden Knights vs. Penguins,nhl-las-pit-2026-03-01,Sports,mid,999402.175111,2026-03-01T22:39:49+00:00,54786136332436335517306220278822913679553051073599044327848504370285551277520,54182501533436400024285947485139622199209364128301104761979332221028934877041,Penguins,4316,0.9990740740740741
1308322,0x089b5cb52a9431b0a52f0039996b3095fc76bc8564748d8dd260736876b26b9d,Jets vs. Ducks,nhl-wpg-ana-2026-02-27,Sports,mid,996141.299276,2026-02-28T07:55:51+00:00,107088626720782838831622715582657502166647824876580886092804019048770657669813,88825190954807731827897361514376883530771311437759164154935040483219496974894,Ducks,4303,0.9960648148148148
1837779,0x6dd08c78ed3371a307e2906078fef16167cb34701a2970239f85c77566bcf21e,Bulls vs. Knicks: O/U 237.5,nba-chi-nyk-2026-04-03-total-237pt5,Sports,mid,984076.258839003,2026-04-04T04:48:21+00:00,50148915058048404094933710825643736524365991361020734694136883944829156457641,91751764489246797563235011605864417541629331015590716588663950190374990632219,Under,1674,0.3875
1349699,0xcfe18c80b923b90cf5379ac4b157612e173539451f6cb4263c0af7c317905786,Rockets vs. Thunder: O/U 213.5,nba-hou-okc-2026-02-07-total-213pt5,Sports,mid,993868.147865,2026-02-08T01:22:03+00:00,8067391329483645524483069777673207356650433272108172193021097103888553863724,98403671062952657132268061411499199341436486861168316357536781306103024184075,Over,1435,0.33217592592592593
2326464,0x3f8e430321d3eb1c488a6c7d48d9eecda4102070ec5b07a10fb9e240ab260b0d,Tunisia vs. Japan: Both Teams to Score,fifwc-tun-jpn-2026-06-21-btts,Sports,mid,984608.6915149996,2026-06-21T06:09:04+00:00,109976533017466368695557029091811287182803802598242338258414054340507595335460,22925108111517807020119218221664176767688529831640964724633211064551921948826,No,4285,0.9918981481481481
825508,0xfc678ffee1849b0e710730e56854f4bc6e501602d4acf31f3336bb294750d9c9,Counter-Strike: FaZe vs TheMongolz (BO1),cs2-faze-mglz-2025-12-05,Sports,mid,997519.631949,2025-12-05T16:46:05+00:00,8665752908067289312321881408078647163657366040225105125721135882032746129978,72976224883747865431615809693906416656160914314698027281087385848109628422678,TheMongolz,1089,0.2520833333333333
3030617,0x42cabeb7a54033878507380044565cc776e53d944c1085f6f4b5957cc0912e11,"Ethereum Up or Down - July 23, 12:05PM-12:10PM ET",eth-updown-5m-1784822700,Crypto,niche,9984.420021999998,2026-07-23T16:10:18+00:00,106401507051820567986016845951115315516259850242131314460841792810270747919826,61770520153850490940120576895007194155064110993106780378842394647905932987148,Down,1438,0.33287037037037037
2015863,0x82a2cf873bd251d3750b410fef74ed8ee6ad972859762613d2d78dac12776dfa,"Ethereum Up or Down - April 19, 2:05PM-2:10PM ET",eth-updown-5m-1776621900,Crypto,niche,9998.022026000015,2026-04-19T18:10:24+00:00,41230676363244537512462687714898655281239060717688486688334632366444081000713,42027091226387798591263017999720501044388616421918279431513778015839376880701,Up,1437,0.3326388888888889
2427313,0xb4d5ee33a97f32e9f682205e19e61c8e34e6b1b0c243ff9e7e229bb2cbee8885,"Ethereum Up or Down - June 4, 8:10AM-8:15AM ET",eth-updown-5m-1780575000,Crypto,niche,9989.040316,2026-06-04T12:15:16+00:00,13090574520937620502665000387487823714741443136105482919412111076625895727984,24671994879307291887036551179507997524887327624904594558819614041754459370091,Down,1398,0.3236111111111111
2577085,0xd6b25d9c2c307a6a1c286d3b910b3aec757e88c8a356165e0f9dc852ad715dc8,"Ethereum Up or Down - June 18, 1:05AM-1:10AM ET",eth-updown-5m-1781759100,Crypto,niche,9987.168040000004,2026-06-18T05:11:26+00:00,43661638258292568180891055716723800138341889696175232504299619852757834467736,45952506941330782789159951663545811510730145204563636967959270258817328724338,Up,1187,0.2747685185185185
1752847,0xac8698831e19a5283abbe6364e90e0e5120edf6440df634b42db2070b3e3a5ee,"Will Ethereum reach $2,100 on March 28?",will-ethereum-reach-2100-on-march-28,Crypto,niche,9992.813227,2026-03-29T06:27:26+00:00,19575288075524954651204005143481449397358755328087802338020196128738666071258,74502115824143228442500865250939999988807395096964606619882797949521799526190,No,1569,0.36319444444444443
2375011,0xf2248fc59790af986dda4e3df119d08c70393f6dac631146369aca4b36c349d8,"Ethereum Up or Down - May 28, 9:30PM-9:35PM ET",eth-updown-5m-1780018200,Crypto,niche,9998.994793000003,2026-05-29T01:35:18+00:00,73322026196433348024783229950123484322965504765761243688045025318305303952530,41340337683116474522587248132746014296516107660137703271991156821128927177,Down,1437,0.3326388888888889
600416,0xa7d430f56ec296dd245594a563f86488367847e7279be1a44b96eff0e0d9e79a,"Solana Up or Down - September 18, 4PM ET",solana-up-or-down-september-18-4pm-et,Crypto,niche,9982.480782,2025-09-18T22:18:56+00:00,86272614102617023649360122000268604711513874894860624690749669827358863233718,90531931419191592285807379030290074683749449105065383754473058703572038716026,Down,3309,0.7659722222222223
1401850,0x8aac43583ffd6bed474fb9e10e7e5f1f63b0012eb5c0fb07d69a44688e0c724d,"Ethereum Up or Down - February 21, 6:30AM-6:35AM ET",eth-updown-5m-1771673400,Crypto,niche,9991.399758,2026-02-21T11:35:24+00:00,5968477721618226324924194144260692307297617439647649657001606414765210268260,41146959480341605319867369388975443776816832971967297112622442083552909052571,Down,1437,0.3326388888888889
1063983,0xae050064e64926d4a9634184b519351959dab45f8d83c1d412b734bb404466d5,"Bitcoin Up or Down - December 31, 1:30AM-1:45AM ET",btc-updown-15m-1767162600,Crypto,niche,9991.091649,2025-12-31T06:51:51+00:00,94980789441368536843563914565188920773556844944121142854604312049564300058706,54950562052039731924192900346813376137705503843113609804364550973406502094176,Down,1459,0.33773148148148147
1810905,0x4baf24649c826dc384cc3d6bf9faf4865aa6877555bb9744e3533cdcff987c1b,"Ethereum Up or Down - April 1, 5:00PM-5:05PM ET",eth-updown-5m-1775077200,Crypto,niche,9998.058304999997,2026-04-01T21:05:23+00:00,26196257463254673514919774405448313464468171477941859199342974963790736823696,84724349462523172208346894878093905055928251807851882877790795789639294559310,Up,1434,0.33194444444444443
1890827,0xb48dd9cbc4ea3eb0c1c21172c7a42e7750ed9da6fca6309e876fdcbf93a3a921,"Solana Up or Down - April 7, 9:10AM-9:15AM ET",sol-updown-5m-1775567400,Crypto,niche,9993.183258999996,2026-04-07T13:15:33+00:00,61324624148051225157423938165523069457524663383049182979396767321873241667670,43631757270384108496975184098955062529247889950810555483149032864383915652732,Down,1434,0.33194444444444443
668633,0xe7aa8a5d0ac21831276b4ba7c96514b7ec568696d33b400c51c7fff982786f9a,"Solana Up or Down - November 8, 7PM ET",solana-up-or-down-november-8-7pm-et,Crypto,niche,9989.71987,2025-11-09T02:15:15+00:00,77338391817365106956750410900375113504301617009263320669507589374122771139913,79118192204545772517827368957469829247195604309059559947761249848602672449591,Down,3015,0.6979166666666666
2542861,0x96c6c8ec2fc9bd8ffb71d8316af0c632a5fa2a33b860ba7fc651b2f09fe3cb1d,"Ethereum Up or Down - June 15, 7:40AM-7:45AM ET",eth-updown-5m-1781523600,Crypto,niche,9987.588144000016,2026-06-15T11:45:21+00:00,112638330468061106044694361456506416335547586524878329211387846214812591067616,115081212251962819055512123163700167476867251101769355821798543778057487573651,Down,1438,0.33287037037037037
1692116,0xbd9eaa01493a00b1626af87b6cc9d028f8b64a0b33dd377654d27a22278ff2f8,"Will the price of Bitcoin be between $78,000 and $80,000 on March 30?",will-the-price-of-bitcoin-be-between-78000-80000-on-march-30,Crypto,niche,9982.350282,2026-03-30T18:44:03+00:00,17270564652820916796616544563150970002159962781634520602868578826438751818898,76246942091709786380035855903912045810128893329772970968352443565261241683289,No,4317,0.9993055555555556
2941865,0x002c4a4d15309edff42453a157bc56919d13f91b88babd61abe38bce9027738d,"Ethereum Up or Down - July 16, 9:45PM-9:50PM ET",eth-updown-5m-1784252700,Crypto,niche,9986.834354000004,2026-07-17T01:50:18+00:00,101921718349255346603449656539540700372778364056915477228904007936131812541497,30561737321933866733840090586512778575422469072195685618769439856358912223657,Down,1436,0.33240740740740743
647166,0x54c79d6b5d5e17d064b1155433a77e4026836c667855eb754565b54dad98821a,"Will Dell say ""Nvidia"" 5+ times during earnings call?",earnings-mentions-dell-2025-11-25-nvidia-5-times,Economy/Business,niche,9988.426234,2025-11-26T09:01:39+00:00,56684507105103091340526982638547034655551974603116091199084901676109596169295,99986444152051421108880481028682508637688790368288111320345593400663125814098,No,4320,1.0
3094207,0x3a4885b2f178505320d9eff2df8adbb2db404dfb92d87f0549b23232242aca37,"Will Trump say ""Stock Market"" during Michigan remarks?",will-trump-say-stock-market-during-michigan-remarks-20260724162420372,Economy/Business,niche,9996.424759,2026-07-27T21:35:55+00:00,96535861362701650124245688320924180252545837859872528404375758106017663066812,42116126114837376511451114886360552430821882928663469261567851131494740989620,Yes,4136,0.9574074074074074
646424,0x9007603d54d99419043812888fb458a2f3d0e34313da62844fc0270f2f7650fd,Will the #1 album have between 90 thousand and 95 thousand pure sales for the week ending October 24?,will-the-1-album-have-between-90-thousand-and-95-thousand-pure-sales-for-the-week-ending-october-24,Entertainment/Culture,niche,10000.0,2025-10-25T06:37:17+00:00,43629476030710302547849019958963669567966988033837493891122239295558731114019,110357738861228842916587810433065245083383279062912709843283080768457995802765,No,596,0.13796296296296295
522900,0x5e28a160a33fbac660c4e66ce22735b78b0d81840c0645d7d7276aba35762416,"Will Zoe Saldaña win Best Supporting Actress at the 2025 SAG Award for ""Emilia Pérez""?",will-zoe-saldaa-win-best-supporting-actress-at-the-2025-sag-award-for-emilia-prez,Entertainment/Culture,niche,9995.848337,2025-02-24T07:28:55+00:00,21123590139259202316367206338345019453348015709358546853500350051638923427564,11855817477947026404836019273601317860121151760320015464944620417153744032290,Yes,4320,1.0
2587635,0x5c5adaefd92f45f0461551d6b5bd1f5b94ed9de3a724fe05775adef74c06a2c6,"Will ""Supergirl"" Opening Weekend Box Office be between 52m and 58m?",will-supergirl-opening-weekend-box-office-be-between-52m-and-58m-20260617211724077,Entertainment/Culture,niche,9991.507576000002,2026-06-29T23:44:22+00:00,31787374083958732768605357840991686229698466902578103694059460772043472443620,106997410775365870599809678342626737691229140874634080567865224534778283819607,No,4320,1.0
959545,0x8d46eba0cd1336a879757a7b89e85ba05b942e57672c525849475a1e1b38f0c4,"XRP Up or Down - December 18, 6:15PM-6:30PM ET",xrp-updown-15m-1766099700,Other,niche,9982.764854,2025-12-18T23:31:41+00:00,294673590571519347255470879284398992797144263270244048789175376694705899845,84676983589270758918326664684313533788723179119477914684231795566092007356631,Down,1317,0.30486111111111114
805534,0xa0124176f0540b06d2e44683fa2542bca01192dff65433c75b9d59a7160f3609,Spread: Sabres (-1.5),nhl-buf-phi-2025-12-03-spread-away-1pt5,Other,niche,9993.08136,2025-12-04T06:25:33+00:00,1994821494469079987485187249347180215954931049757585928134605001134100049377,109881032126813870656369865414292555057897622027553470354032789207564985260509,Flyers,1443,0.33402777777777776
569396,0x3e4b3f3164c320766d69c43306cd12ebce5fe90c4e833489149d3af6d6a9ba89,Will Puebla win the 2025 Leagues Cup?,will-puebla-win-the-2025-leagues-cup,Other,niche,9981.522,2025-08-21T08:25:33+00:00,74340043131164780154907010423659251719924658111462553902302099872156142468351,53406186625604474513599718079292834022700844548375342702281141132727875276375,No,4320,1.0
1771794,0x3b1a8c7e4016a8a54938611a79a565bbc7d9fb109daae61dbaf1a20a7158bb8c,Will CD Leganés win on 2026-04-11?,es2-leg-alb-2026-04-11-leg,Other,niche,9997.434962000005,2026-04-11T21:19:49+00:00,38326626884796444688505133460817445004859975770910963302909260135425525009807,115750745723666771104188379833706359646041165522425544143835299115280195600080,Yes,4309,0.9974537037037037
3313766,0x2d7d416debf3e5a96c60d28ce689d00a81a2fafffd13333480e618390ad0323b,Spread: Real Salt Lake (-1.5),mls-rsl-min-2026-08-15-spread-home-1pt5,Other,niche,9985.990911,2026-08-16T03:50:15+00:00,19817026457756344715025248025338589917580784798836981554161353187050658189643,8965159415540232472287271579266326284506682267958921316019153272393699369191,Minnesota United FC,4317,0.9993055555555556
3234488,0x2f3121a9b0eea9f1cc22429d4dd2463e7f0bb07e8f16c080c2b5cfe5bb3e8a77,Will the highest temperature in Chicago be between 68-69°F on August 1?,highest-temperature-in-chicago-on-august-1-2026-68-69f,Other,niche,9998.382719,2026-08-02T06:15:50+00:00,11741292699324113067343570382813930869136159242095102674893712184239002461246,54523456706706506774062036440744915271189067167207302733337056333054668935877,No,3178,0.7356481481481482
1680770,0xab643c572deb117919a106b9f90d7ab7deb74d66be979e26615e68ad6f5fa29b,Will the highest temperature in Ankara be 16°C on March 26?,highest-temperature-in-ankara-on-march-26-2026-16c,Other,niche,9990.128710000005,2026-03-26T23:39:25+00:00,104912693267301234597844894866721399381204890636165144455720375931657812604380,83192792614236962448939610632078023970563300621595572350112891168917780041057,No,4311,0.9979166666666667
601967,0x567ceff7d8a056dfa0c48d69b50d5f59ea832e694f6d0f2f17dbdcd36d95b4d2,Will Marseille finish first in UCL league phase?,will-marseille-finish-first-in-ucl-league-phase,Other,niche,9995.362554,2025-12-11T01:10:31+00:00,29855726336472004583361595109784839132887479340564490769036931007556736000832,11277154689082113689039852323936644198704872910535084330632071926006162060488,No,4320,1.0
2009559,0x3b07188a02f4e498531dd996ddbc9033adc0a8f26e37b320fcd6b8afdecb21ff,Exact Score: Real Betis Balompié 1 - 0 Real Madrid CF?,lal-bet-rea-2026-04-24-exact-score-1-0,Other,niche,9989.507412,2026-04-25T01:57:14+00:00,35183951720404032855505555535279053309968238845814499734301202856123590807667,31903429478866069904879246352175192958171017649548580419928952485380977493337,No,4311,0.9979166666666667
4010950,0x0f10c6c108371343d078a463f111b49a060be2047d5e46e0ef51e904c0816fbc,Will Aarhus GF win on 2026-09-13?,den-nor-agf-2026-09-13-agf,Other,niche,9999.200043,2026-09-13T20:04:45+00:00,95058870151489787456411115023558845241598765374334535618490515056441614406344,112175768969345313956105693768688167499868424402910553930915243841075628326471,No,4297,0.9946759259259259
1339896,0x499850944f3446d568301dd9c21607884cbae04c5e4edeab25cdadbdb5c7146c,"Will Trump say ""Big"" or ""Biggest"" or ""Bigly"" 10+ times during the announcement on Thursday?",will-trump-say-big-or-biggest-or-bigly-10-times-during-the-announcement-on-thursday,Other,niche,9996.263774,2026-02-06T03:37:11+00:00,93635044298529834790299871478243311334330224883493100514643308008510115347599,28260015380335255367888123315481986417337543742067355157764288857914723604402,No,733,0.16967592592592592
3361529,0x8690c8457340aceb6a28e8f357b98ca3e9c4419ae34dc26ced1f72e6996f7d40,Will Estudiantes de Merida win on 2026-08-06?,ven1-edm-zam-2026-08-06-edm,Other,niche,9987.392579000005,2026-08-07T02:30:40+00:00,20806217015718844689991860214186860494374456752591867599145502652135804587798,44944702333361202136079264742176581647711173070634381411688284170115400715011,Yes,2068,0.4787037037037037
1462525,0x0c87e5bed1bd22359fbbf4a268950dc2dcb40f260f9c6e5457fc820213174b11,"XRP Up or Down - March 1, 11PM ET",xrp-up-or-down-march-1-11pm-et,Other,niche,9980.859736,2026-03-02T07:21:01+00:00,99524727961018384517402092149948908331028228481524734373996583508448196248759,82553810323451912800296273668544513689431131245231846091198035100470204310418,Down,3074,0.711574074074074
563605,0xba9788e32f03ea2a7faf5654b948b63a08b366f559622ad9cf900fa9179a5c3a,Will Pump.fun dip to $0.005 before August?,will-pumpfun-dip-to-0pt005-before-august,Other,niche,9991.404552,2025-07-17T22:11:44+00:00,62997049650832345898560406485497092598052274593162834988766503420364216822855,97230957905232468046828869325620031414750121324954412299283653561638969949487,Yes,3221,0.7456018518518519
1992496,0x01c245b074e48a690432115a0002c06ff956b05c65ffc5b9a656cc65aae4d601,"XRP Up or Down - April 17, 12PM ET",xrp-up-or-down-april-17-2026-12pm-et,Other,niche,9981.816238999994,2026-04-17T18:30:34+00:00,112111006434330490753548680013833102396898378272097875471242725534980928707845,25536072640710947657802389093193614096393516458275839463692487976388553832777,Up,2648,0.6129629629629629
3532626,0x2d8d83a8962792b9aac0e284d5639135ec861a9f6f1c0e31fbae27246dfa0430,Will David Crowley win the Wisconsin Democratic Governor primary by 2–3%?,will-david-crowley-win-the-wisconsin-democratic-governor-primary-by-23-20260812015550468,Politics,niche,9988.181829,2026-08-29T01:02:01+00:00,34774761588763187448931374130462241895650794791045239914168375679269446192332,36723356314810141852163948824906967191547690831611104071081635209034651858810,No,4316,0.9990740740740741
2144355,0x9a53c1c39543033ea14dc222d3186113ac58f490b4be1f45efa065fd5f884342,Counter-Strike: TDK vs INOX Division - Map 2 Winner,cs2-tdk-inox-2026-05-03-game2,Sports,niche,9983.270894,2026-05-03T22:01:40+00:00,15202916305156622147364891995847658403890975873353917149388115618409437600981,91691552425566889445748271619747447424981121785677659487926296409198974522602,TDK,1084,0.25092592592592594
3011015,0x143d5466088bd0035ebf617158eadae61f37dc41900b3897376f6443e54b9b92,Counter-Strike: ex-RUSTEC vs Just Players - Map 2 Winner,cs2-rustec-justpl-2026-07-21-game2,Sports,niche,9983.831036,2026-07-21T21:21:30+00:00,80040407080616578644499318943126465660774339508560851732323099728482097061245,19573290835355848625860240603346860188721689165310640261529475966535742125316,ex-RUSTEC,984,0.22777777777777777
1081500,0x70c92ca11424ed790cf169e99bc6f8a1b1e714b4c6562e60539870e13333a8c3,Charlotte 49ers vs. UTSA Roadrunners,cbb-charlt-utsa-2026-01-07,Sports,niche,9984.370353,2026-01-08T05:28:45+00:00,9322818291571048361204673629909261482591562692612283414515109678108086327040,58557558061144923617008865691358491355944970677386856976141012061272812542491,Charlotte 49ers,4320,1.0
2971121,0x59751541ee31e2b27e5bfd3d63b6428e27dfed04e8d37e131707aae21b6184dd,CA Talleres vs. CA Vélez Sarsfield: O/U 4.5,arg-tal-vel-2026-07-30-total-4pt5,Sports,niche,9981.004237,2026-07-31T00:13:45+00:00,27804990608793557392358389640905225882661520154574825979670137797600393403690,48597065356175763602485398327877384936254973218842428650287333074907900981617,Under,4241,0.981712962962963
3464933,0x1344c94f4e927f33bc680efe729b60bf1299252220f367a0a3acf80b1966e1b6,Cruzeiro EC vs. CR Flamengo: O/U 9.5 Total Corners,bra-cru-fla-2026-08-22-corners-total-9pt5,Sports,niche,9992.713089,2026-08-24T09:01:30+00:00,57459120376785497320287304454721995342502595462861454472297783152295707976852,63093050530922995865089114239556335422696714197193058793425695661013819575902,Under,4320,1.0
2718117,0x274d1fc615f53a83b318856d23812dd4dff75014b2d7205718f21c525d4f7118,Mali vs. Uganda,bkfibaqaf-mal-uga-2026-07-04,Sports,niche,9983.428682,2026-07-04T18:45:25+00:00,53642929507161064897190307077120500421769787847233184772630048493000367563093,55338932035112185318494894545383114358235860089277140788667380430576354327085,Mali,4320,1.0
3655956,0xdd9d9da3e0024c0f95a1011bcddb600f01a912773758f5bd5b25d61e68afaa1f,Chelsea FC vs. Brighton & Hove Albion FC: O/U 0.5,epl-che-bri-2026-08-30-total-0pt5,Sports,niche,9985.331229,2026-08-30T15:14:51+00:00,41557130266795116005012034928412244486476124878233494114730700904110621395691,27379584753533330938105651154031339156618214569140181848074164840455076709342,Over,4315,0.9988425925925926
805634,0x8ec8ef5e0308bc4efa542804881a3e17ad9ea5b5eeeed32962bb93b7aed92713,FC Groningen vs. FC Volendam: O/U 3.5,ere-gro-vol-2025-12-13-total-3pt5,Sports,niche,9990.512946,2025-12-13T21:51:11+00:00,9680067720166351300038814685043489408780057470519895261131604990593397685868,28839107696361783042822068987192934997491910596994144549469881046279646278222,Under,4319,0.9997685185185186
1237864,0xa6d544024ed0b1de9e0cd6c0327a7c18a872e5875f40ceafb61937bccd43f248,Counter-Strike: Acend vs Bebop (BO3) - CCT Europe Series #14 Play-In Group B,cs2-ace1-bbp-2026-01-23,Sports,niche,9999.995006,2026-01-23T20:56:36+00:00,13915383147598038388500755196666377480504116216295452377454618635607632089106,5279164082546013152208887890713787838941989595411752055506257404817056208535,Acend,2680,0.6203703703703703
1871369,0x4f52a4dca29502ba6e6e1683305af43cd5a1fb03b8fd0d6290f005758a7e9c3d,Will Derby County FC vs. Sheffield United FC end in a draw?,elc-der-she-2026-05-02-draw,Sports,niche,9997.776718,2026-05-02T17:42:50+00:00,114135428139051485882464807868306649277755507049507110416226339817094148852580,21591022540978546393109333073878491713475632748353875399199239539843039065715,No,4279,0.9905092592592593
679975,0xd16bfc3ec8a5be444f242753932a94d45ab508adbfbaf325db643de0e7328c6e,Will Bristol City FC vs. Leicester City FC end in a draw?,elc-bri-lei-2025-12-10-draw,Sports,niche,9986.837951,2025-12-11T00:49:17+00:00,8929852655500930075611752426061139166134798649799666456471250455855120374170,83166487902623837777037156749956527543775683809600240052646155025012183387945,Yes,4320,1.0
2907181,0x74c1aa6dac5e8dfd8d368fa4f287732e31c223568d50a163907757093449ddd8,Zhejiang Zhiye FC vs. Dalian Yingbo FC: O/U 4.5,chi-zhe-ygb-2026-07-26-total-4pt5,Sports,niche,9993.288514999998,2026-07-26T16:07:45+00:00,93354867836428529106765841678232450501691617870154834496696349005436370441522,110098277689183452551084559805419954093666471509984387720354698145146118124300,Over,4316,0.9990740740740741
1981810,0x70de5d8bcba8865495045585f308370cebb5aad6160386c25ae67a892e13b02a,Counter-Strike: Lavked vs Phantom - Map 2 Winner,cs2-lavked-pha-2026-04-15-game2,Sports,niche,9995.705991,2026-04-15T12:38:42+00:00,100893220212673419270833411383871795423768157925340120662168492040886146272790,20612627976451498369987081119931407421832464351365362373686851130158452232399,Lavked,1221,0.2826388888888889
3769299,0x269d724159e8e250663a3ace5f6390544be5fd8534fa7eae9fba20c79ff84858,"Will Coinbase Global, Inc. (COIN) hit (HIGH) $197.50 Week of August 24 2026?",will-coin-reach-197-50-by-august-24-2026,Sports,niche,9999.302967,2026-08-28T20:24:19+00:00,111454081118909332648951511249652358322083949431858126140079570247969974971944,6864515265441954747908961992496739902464150943691062054958590600649325400097,No,4316,0.9990740740740741
3752776,0x2acc891972ec3eb8af6bf2bdbd5c960cdbcc6e9743f80113f600ebc8747f20e5,Tamil Nadu Premier League: IDream Tiruppur Tamizhans vs SKM Salem Spartans,crictnpl-idr-skm-2026-08-22,Sports,niche,9993.189959,2026-08-22T16:11:12+00:00,103959898629495689976040367085119296666904886015261362318679999232699632297377,90312889669310285247615410655292392318177745925427947346452162581956434128502,SKM Salem Spartans,2450,0.5671296296296297
